above,station,index
Above Off Index,Waita,18.123314949837603,17.0
Above Off Index,Waita,17.6121937189769,17.0
Above On Index,Waita,26.74364659790052,19.0
Above On Index,Waita,23.6893998613414,19.0
Above On Index,Waita,59.0528255323791,19.0
Above On Index,Waita,22.960875074433055,19.0
Above On Index,Waita,45.02267369789497,19.0
Above On Index,Waita,34.539082189752975,19.0
Above On Index,Waita,32.22649555218371,19.0
Above On Index,Waita,26.4405175406852,19.0
Above On Index,Waita,53.35873921257477,19.0
Above On Index,Waita,30.818876042233224,19.0
Above Off Index,Waita,17.32028594828652,17.0
Above On Index,Waita,36.25796834065102,19.0
Above On Index,Waita,22.308766299411126,19.0
Above On Index,Waita,20.359682912118096,19.0
Above Off Index,Waita,17.87154852841752,17.0
Above On Index,Waita,28.53237893400246,19.0
Above On Index,Waita,24.3871991591653,19.0
Above On Index,Waita,19.431115179919807,19.0
Above Off Index,Waita,17.21536221175608,17.0
Above On Index,Waita,50.50845956398156,19.0
Above On Index,Waita,19.507721032606117,19.0
Above On Index,Waita,140.716,19.0
Above On Index,Waita,22.9921626175131,19.0
Above On Index,Waita,53.6570861486178,19.0
Above On Index,Waita,42.0640615724006,19.0
Above On Index,Waita,56.529931648437504,19.0
Above On Index,Waita,28.31700000000005,19.0
Above Off Index,Waita,17.916,17.0
Above On Index,Waita,63.459826140021,19.0
Above On Index,Waita,27.37727793159485,19.0
Above On Index,Waita,26.674,19.0
Above On Index,Waita,24.528,19.0
Above Off Index,Waita,18.5421142578125,17.0
Above On Index,Waita,55.85,19.0
Above On Index,Waita,122.388302937255,19.0
Above On Index,Waita,27.4319999999999,19.0
Above On Index,Waita,38.1,19.0
Above On Index,Waita,29.57399999999995,19.0
Above On Index,Waita,33.27300000000005,19.0
Above On Index,Waita,20.08200000000005,19.0
Above On Index,Waita,85.99399999999994,19.0
Above On Index,Waita,50.03599999999995,19.0
Above On Index,Waita,25.42399999999995,19.0
Above On Index,Waita,21.994999999999997,19.0
Above On Index,Waita,37.8459999999998,19.0
Above On Index,Waita,63.5,19.0
Above On Index,Waita,19.2264426932322,19.0
Above On Index,Waita,65.9380000000001,19.0
Above On Index,Waita,44.7040000000001,19.0
Above On Index,Waita,31.14000000000005,19.0
Above On Index,Waita,20.450000000000053,19.0
Above On Index,Waita,30.4444989712352,19.0
Above On Index,Waita,20.3199999999999,19.0
Above On Index,Waita,37.338,19.0
Above On Index,Waita,72.898,19.0
Above On Index,Waita,45.57167205906825,19.0
Above Off Index,Waita,17.69191097805939,17.0
Above On Index,Waita,43.380223150258416,19.0
Above On Index,Waita,19.82205419375939,19.0
Above On Index,Waita,41.4671151561006,19.0
Above On Index,Waita,39.915799216910884,19.0
Above On Index,Waita,23.361458541629602,19.0
Above Off Index,Waita,18.67593044962407,17.0
Above On Index,Waita,23.787635540724544,19.0
Above On Index,Waita,26.040043415579426,19.0
Above Off Index,Waita,18.58487937179998,17.0
Above On Index,Waita,21.02983522883168,19.0
Above On Index,Waita,24.57327329798814,19.0
Above On Index,Waita,25.059524760593696,19.0
Above Off Index,Waita,18.91962786010384,17.0
Above On Index,Waita,20.77725298005798,19.0
Above Off Index,Waita,17.280015453335597,17.0
Above Off Index,Waita,17.44997188320419,17.0
Above On Index,Waita,34.334807653874414,19.0
Above On Index,Waita,19.252026518712206,19.0
Above Off Index,Waita,17.672169695444847,17.0
Above Off Index,Waita,17.77573197711194,17.0
Above On Index,Waita,22.773161448654882,19.0
Above On Index,Waita,38.98485627949698,19.0
Above On Index,Waita,23.47768960483672,19.0
Above Off Index,Waita,17.403447171914017,17.0
Above Off Index,Waita,17.669861722967404,17.0
Above On Index,Waita,58.376793039988456,19.0
Above On Index,Waita,59.538554754891535,19.0
Above Off Index,Waita,17.051073278868312,17.0
Above On Index,Waita,40.88230040847888,19.0
Above On Index,Waita,28.6492691632016,19.0
Above On Index,Waita,23.99907686610822,19.0
Above On Index,Waita,116.44465657877592,19.0
Above On Index,Waita,76.79799565958595,19.0
Above On Index,Waita,35.0733457237999,19.0
Above On Index,Waita,24.417536611075082,19.0
Above On Index,Waita,28.557244722484977,19.0
Above On Index,Waita,45.4654278582531,19.0
Above On Index,Waita,19.91786350900636,19.0
Above On Index,Waiakalua,18.123314949837603,12.0
Above On Index,Waiakalua,17.6121937189769,12.0
Above On Index,Waiakalua,15.88063066434336,12.0
Above On Index,Waiakalua,13.324838197209067,12.0
Above On Index,Waiakalua,15.481323304510202,12.0
Above On Index,Waiakalua,16.61627620820274,12.0
Above On Index,Waiakalua,26.74364659790052,12.0
Above On Index,Waiakalua,14.585690872338194,12.0
Above Off Index,Waiakalua,11.63366434349334,11.0
Above On Index,Waiakalua,23.6893998613414,12.0
Above On Index,Waiakalua,59.0528255323791,12.0
Above On Index,Waiakalua,22.960875074433055,12.0
Above On Index,Waiakalua,45.02267369789497,12.0
Above On Index,Waiakalua,34.539082189752975,12.0
Above On Index,Waiakalua,32.22649555218371,12.0
Above On Index,Waiakalua,12.19228131420541,12.0
Above On Index,Waiakalua,26.4405175406852,12.0
Above On Index,Waiakalua,53.35873921257477,12.0
Above On Index,Waiakalua,30.818876042233224,12.0
Above On Index,Waiakalua,15.587193270389825,12.0
Above On Index,Waiakalua,17.32028594828652,12.0
Above Off Index,Waiakalua,11.18331862213994,11.0
Above On Index,Waiakalua,14.188687151947988,12.0
Above On Index,Waiakalua,12.17790487875512,12.0
Above On Index,Waiakalua,36.25796834065102,12.0
Above On Index,Waiakalua,22.308766299411126,12.0
Above On Index,Waiakalua,12.610133398705063,12.0
Above On Index,Waiakalua,20.359682912118096,12.0
Above On Index,Waiakalua,16.35526256679145,12.0
Above Off Index,Waiakalua,11.272122012452089,11.0
Above On Index,Waiakalua,15.67813484233479,12.0
Above On Index,Waiakalua,17.87154852841752,12.0
Above On Index,Waiakalua,28.53237893400246,12.0
Above On Index,Waiakalua,24.3871991591653,12.0
Above On Index,Waiakalua,19.431115179919807,12.0
Above On Index,Waiakalua,12.781040025990103,12.0
Above On Index,Waiakalua,17.21536221175608,12.0
Above Off Index,Waiakalua,11.68736123848397,11.0
Above On Index,Waiakalua,50.50845956398156,12.0
Above On Index,Waiakalua,19.507721032606117,12.0
Above On Index,Waiakalua,140.716,12.0
Above On Index,Waiakalua,22.9921626175131,12.0
Above On Index,Waiakalua,53.6570861486178,12.0
Above On Index,Waiakalua,42.0640615724006,12.0
Above On Index,Waiakalua,13.462158203125,12.0
Above On Index,Waiakalua,56.529931648437504,12.0
Above On Index,Waiakalua,28.31700000000005,12.0
Above On Index,Waiakalua,17.916,12.0
Above On Index,Waiakalua,15.6748249469862,12.0
Above On Index,Waiakalua,63.459826140021,12.0
Above On Index,Waiakalua,27.37727793159485,12.0
Above On Index,Waiakalua,26.674,12.0
Above Off Index,Waiakalua,11.322000000000006,11.0
Above On Index,Waiakalua,24.528,12.0
Above On Index,Waiakalua,18.5421142578125,12.0
Above On Index,Waiakalua,55.85,12.0
Above On Index,Waiakalua,122.388302937255,12.0
Above On Index,Waiakalua,27.4319999999999,12.0
Above On Index,Waiakalua,38.1,12.0
Above On Index,Waiakalua,29.57399999999995,12.0
Above On Index,Waiakalua,13.084,12.0
Above On Index,Waiakalua,33.27300000000005,12.0
Above On Index,Waiakalua,20.08200000000005,12.0
Above On Index,Waiakalua,85.99399999999994,12.0
Above On Index,Waiakalua,50.03599999999995,12.0
Above On Index,Waiakalua,25.42399999999995,12.0
Above On Index,Waiakalua,21.994999999999997,12.0
Above On Index,Waiakalua,37.8459999999998,12.0
Above On Index,Waiakalua,63.5,12.0
Above On Index,Waiakalua,19.2264426932322,12.0
Above On Index,Waiakalua,65.9380000000001,12.0
Above On Index,Waiakalua,44.7040000000001,12.0
Above Off Index,Waiakalua,11.4300000000001,11.0
Above On Index,Waiakalua,31.14000000000005,12.0
Above On Index,Waiakalua,12.794825541372,12.0
Above On Index,Waiakalua,20.450000000000053,12.0
Above On Index,Waiakalua,30.4444989712352,12.0
Above On Index,Waiakalua,20.3199999999999,12.0
Above On Index,Waiakalua,37.338,12.0
Above On Index,Waiakalua,72.898,12.0
Above On Index,Waiakalua,45.57167205906825,12.0
Above On Index,Waiakalua,12.833271547772792,12.0
Above On Index,Waiakalua,17.69191097805939,12.0
Above Off Index,Waiakalua,11.820263426275075,11.0
Above On Index,Waiakalua,13.974308575068298,12.0
Above On Index,Waiakalua,14.78009490154522,12.0
Above On Index,Waiakalua,43.380223150258416,12.0
Above On Index,Waiakalua,16.59648322717878,12.0
Above On Index,Waiakalua,19.82205419375939,12.0
Above On Index,Waiakalua,41.4671151561006,12.0
Above On Index,Waiakalua,39.915799216910884,12.0
Above On Index,Waiakalua,16.148298371596052,12.0
Above Off Index,Waiakalua,11.84581188057687,11.0
Above On Index,Waiakalua,23.361458541629602,12.0
Above On Index,Waiakalua,13.426042038170575,12.0
Above On Index,Waiakalua,14.322646046743973,12.0
Above On Index,Waiakalua,13.369908443275037,12.0
Above On Index,Waiakalua,13.359387951763585,12.0
Above On Index,Waiakalua,15.626974319985163,12.0
Above On Index,Waiakalua,18.67593044962407,12.0
Above On Index,Waiakalua,23.787635540724544,12.0
Above On Index,Waiakalua,26.040043415579426,12.0
Above On Index,Waiakalua,12.16632651266903,12.0
Above On Index,Waiakalua,12.134466812011462,12.0
Above On Index,Waiakalua,18.58487937179998,12.0
Above On Index,Waiakalua,21.02983522883168,12.0
Above On Index,Waiakalua,24.57327329798814,12.0
Above On Index,Waiakalua,25.059524760593696,12.0
Above On Index,Waiakalua,18.91962786010384,12.0
Above On Index,Waiakalua,20.77725298005798,12.0
Above On Index,Waiakalua,17.280015453335597,12.0
Above On Index,Waiakalua,16.880318383022757,12.0
Above On Index,Waiakalua,17.44997188320419,12.0
Above On Index,Waiakalua,34.334807653874414,12.0
Above On Index,Waiakalua,19.252026518712206,12.0
Above On Index,Waiakalua,17.672169695444847,12.0
Above On Index,Waiakalua,14.025900986844784,12.0
Above On Index,Waiakalua,12.672867832003742,12.0
Above Off Index,Waiakalua,11.226409698209917,11.0
Above On Index,Waiakalua,17.77573197711194,12.0
Above On Index,Waiakalua,22.773161448654882,12.0
Above On Index,Waiakalua,13.523284253875127,12.0
Above On Index,Waiakalua,12.974187274069914,12.0
Above On Index,Waiakalua,38.98485627949698,12.0
Above On Index,Waiakalua,23.47768960483672,12.0
Above On Index,Waiakalua,12.3321012661389,12.0
Above On Index,Waiakalua,13.34986083103464,12.0
Above On Index,Waiakalua,12.959258902699801,12.0
Above On Index,Waiakalua,17.403447171914017,12.0
Above On Index,Waiakalua,15.47850637637419,12.0
Above On Index,Waiakalua,17.669861722967404,12.0
Above On Index,Waiakalua,58.376793039988456,12.0
Above On Index,Waiakalua,59.538554754891535,12.0
Above On Index,Waiakalua,17.051073278868312,12.0
Above On Index,Waiakalua,13.199360962594842,12.0
Above On Index,Waiakalua,40.88230040847888,12.0
Above On Index,Waiakalua,14.072385852514648,12.0
Above On Index,Waiakalua,12.314351850332894,12.0
Above Off Index,Waiakalua,11.28615274951759,11.0
Above On Index,Waiakalua,13.673622564553051,12.0
Above On Index,Waiakalua,28.6492691632016,12.0
Above On Index,Waiakalua,14.740562032361657,12.0
Above On Index,Waiakalua,15.386307444252083,12.0
Above On Index,Waiakalua,23.99907686610822,12.0
Above On Index,Waiakalua,116.44465657877592,12.0
Above On Index,Waiakalua,76.79799565958595,12.0
Above On Index,Waiakalua,35.0733457237999,12.0
Above On Index,Waiakalua,24.417536611075082,12.0
Above On Index,Waiakalua,15.497382673416823,12.0
Above On Index,Waiakalua,14.70261454410651,12.0
Above On Index,Waiakalua,14.758673185213627,12.0
Above On Index,Waiakalua,28.557244722484977,12.0
Above On Index,Waiakalua,16.8152306724813,12.0
Above On Index,Waiakalua,45.4654278582531,12.0
Above On Index,Waiakalua,19.91786350900636,12.0
Above On Index,Waiakalua,13.405118170875088,12.0
Above On Index,Waiakalua,12.101870607200144,12.0
Above On Index,HC&S #24,18.123314949837603,14.0
Above On Index,HC&S #24,17.6121937189769,14.0
Above On Index,HC&S #24,15.88063066434336,14.0
Above Off Index,HC&S #24,13.324838197209067,13.0
Above On Index,HC&S #24,15.481323304510202,14.0
Above On Index,HC&S #24,16.61627620820274,14.0
Above On Index,HC&S #24,26.74364659790052,14.0
Above On Index,HC&S #24,14.585690872338194,14.0
Above On Index,HC&S #24,23.6893998613414,14.0
Above On Index,HC&S #24,59.0528255323791,14.0
Above On Index,HC&S #24,22.960875074433055,14.0
Above On Index,HC&S #24,45.02267369789497,14.0
Above On Index,HC&S #24,34.539082189752975,14.0
Above On Index,HC&S #24,32.22649555218371,14.0
Above On Index,HC&S #24,26.4405175406852,14.0
Above On Index,HC&S #24,53.35873921257477,14.0
Above On Index,HC&S #24,30.818876042233224,14.0
Above On Index,HC&S #24,15.587193270389825,14.0
Above On Index,HC&S #24,17.32028594828652,14.0
Above On Index,HC&S #24,14.188687151947988,14.0
Above On Index,HC&S #24,36.25796834065102,14.0
Above On Index,HC&S #24,22.308766299411126,14.0
Above On Index,HC&S #24,20.359682912118096,14.0
Above On Index,HC&S #24,16.35526256679145,14.0
Above On Index,HC&S #24,15.67813484233479,14.0
Above On Index,HC&S #24,17.87154852841752,14.0
Above On Index,HC&S #24,28.53237893400246,14.0
Above On Index,HC&S #24,24.3871991591653,14.0
Above On Index,HC&S #24,19.431115179919807,14.0
Above On Index,HC&S #24,17.21536221175608,14.0
Above On Index,HC&S #24,50.50845956398156,14.0
Above On Index,HC&S #24,19.507721032606117,14.0
Above On Index,HC&S #24,140.716,14.0
Above On Index,HC&S #24,22.9921626175131,14.0
Above On Index,HC&S #24,53.6570861486178,14.0
Above On Index,HC&S #24,42.0640615724006,14.0
Above Off Index,HC&S #24,13.462158203125,13.0
Above On Index,HC&S #24,56.529931648437504,14.0
Above On Index,HC&S #24,28.31700000000005,14.0
Above On Index,HC&S #24,17.916,14.0
Above On Index,HC&S #24,15.6748249469862,14.0
Above On Index,HC&S #24,63.459826140021,14.0
Above On Index,HC&S #24,27.37727793159485,14.0
Above On Index,HC&S #24,26.674,14.0
Above On Index,HC&S #24,24.528,14.0
Above On Index,HC&S #24,18.5421142578125,14.0
Above On Index,HC&S #24,55.85,14.0
Above On Index,HC&S #24,122.388302937255,14.0
Above On Index,HC&S #24,27.4319999999999,14.0
Above On Index,HC&S #24,38.1,14.0
Above On Index,HC&S #24,29.57399999999995,14.0
Above Off Index,HC&S #24,13.084,13.0
Above On Index,HC&S #24,33.27300000000005,14.0
Above On Index,HC&S #24,20.08200000000005,14.0
Above On Index,HC&S #24,85.99399999999994,14.0
Above On Index,HC&S #24,50.03599999999995,14.0
Above On Index,HC&S #24,25.42399999999995,14.0
Above On Index,HC&S #24,21.994999999999997,14.0
Above On Index,HC&S #24,37.8459999999998,14.0
Above On Index,HC&S #24,63.5,14.0
Above On Index,HC&S #24,19.2264426932322,14.0
Above On Index,HC&S #24,65.9380000000001,14.0
Above On Index,HC&S #24,44.7040000000001,14.0
Above On Index,HC&S #24,31.14000000000005,14.0
Above On Index,HC&S #24,20.450000000000053,14.0
Above On Index,HC&S #24,30.4444989712352,14.0
Above On Index,HC&S #24,20.3199999999999,14.0
Above On Index,HC&S #24,37.338,14.0
Above On Index,HC&S #24,72.898,14.0
Above On Index,HC&S #24,45.57167205906825,14.0
Above On Index,HC&S #24,17.69191097805939,14.0
Above Off Index,HC&S #24,13.974308575068298,13.0
Above On Index,HC&S #24,14.78009490154522,14.0
Above On Index,HC&S #24,43.380223150258416,14.0
Above On Index,HC&S #24,16.59648322717878,14.0
Above On Index,HC&S #24,19.82205419375939,14.0
Above On Index,HC&S #24,41.4671151561006,14.0
Above On Index,HC&S #24,39.915799216910884,14.0
Above On Index,HC&S #24,16.148298371596052,14.0
Above On Index,HC&S #24,23.361458541629602,14.0
Above Off Index,HC&S #24,13.426042038170575,13.0
Above On Index,HC&S #24,14.322646046743973,14.0
Above Off Index,HC&S #24,13.369908443275037,13.0
Above Off Index,HC&S #24,13.359387951763585,13.0
Above On Index,HC&S #24,15.626974319985163,14.0
Above On Index,HC&S #24,18.67593044962407,14.0
Above On Index,HC&S #24,23.787635540724544,14.0
Above On Index,HC&S #24,26.040043415579426,14.0
Above On Index,HC&S #24,18.58487937179998,14.0
Above On Index,HC&S #24,21.02983522883168,14.0
Above On Index,HC&S #24,24.57327329798814,14.0
Above On Index,HC&S #24,25.059524760593696,14.0
Above On Index,HC&S #24,18.91962786010384,14.0
Above On Index,HC&S #24,20.77725298005798,14.0
Above On Index,HC&S #24,17.280015453335597,14.0
Above On Index,HC&S #24,16.880318383022757,14.0
Above On Index,HC&S #24,17.44997188320419,14.0
Above On Index,HC&S #24,34.334807653874414,14.0
Above On Index,HC&S #24,19.252026518712206,14.0
Above On Index,HC&S #24,17.672169695444847,14.0
Above On Index,HC&S #24,14.025900986844784,14.0
Above On Index,HC&S #24,17.77573197711194,14.0
Above On Index,HC&S #24,22.773161448654882,14.0
Above Off Index,HC&S #24,13.523284253875127,13.0
Above On Index,HC&S #24,38.98485627949698,14.0
Above On Index,HC&S #24,23.47768960483672,14.0
Above Off Index,HC&S #24,13.34986083103464,13.0
Above On Index,HC&S #24,17.403447171914017,14.0
Above On Index,HC&S #24,15.47850637637419,14.0
Above On Index,HC&S #24,17.669861722967404,14.0
Above On Index,HC&S #24,58.376793039988456,14.0
Above On Index,HC&S #24,59.538554754891535,14.0
Above On Index,HC&S #24,17.051073278868312,14.0
Above Off Index,HC&S #24,13.199360962594842,13.0
Above On Index,HC&S #24,40.88230040847888,14.0
Above On Index,HC&S #24,14.072385852514648,14.0
Above Off Index,HC&S #24,13.673622564553051,13.0
Above On Index,HC&S #24,28.6492691632016,14.0
Above On Index,HC&S #24,14.740562032361657,14.0
Above On Index,HC&S #24,15.386307444252083,14.0
Above On Index,HC&S #24,23.99907686610822,14.0
Above On Index,HC&S #24,116.44465657877592,14.0
Above On Index,HC&S #24,76.79799565958595,14.0
Above On Index,HC&S #24,35.0733457237999,14.0
Above On Index,HC&S #24,24.417536611075082,14.0
Above On Index,HC&S #24,15.497382673416823,14.0
Above On Index,HC&S #24,14.70261454410651,14.0
Above On Index,HC&S #24,14.758673185213627,14.0
Above On Index,HC&S #24,28.557244722484977,14.0
Above On Index,HC&S #24,16.8152306724813,14.0
Above On Index,HC&S #24,45.4654278582531,14.0
Above On Index,HC&S #24,19.91786350900636,14.0
Above Off Index,HC&S #24,13.405118170875088,13.0
Above On Index,Kaupakalua,59.0528255323791,35.4
Above On Index,Kaupakalua,45.02267369789497,35.4
Above Off Index,Kaupakalua,34.539082189752975,34.4
Above On Index,Kaupakalua,53.35873921257477,35.4
Above On Index,Kaupakalua,36.25796834065102,35.4
Above On Index,Kaupakalua,50.50845956398156,35.4
Above On Index,Kaupakalua,140.716,35.4
Above On Index,Kaupakalua,53.6570861486178,35.4
Above On Index,Kaupakalua,42.0640615724006,35.4
Above On Index,Kaupakalua,56.529931648437504,35.4
Above On Index,Kaupakalua,63.459826140021,35.4
Above On Index,Kaupakalua,55.85,35.4
Above On Index,Kaupakalua,122.388302937255,35.4
Above On Index,Kaupakalua,38.1,35.4
Above On Index,Kaupakalua,85.99399999999994,35.4
Above On Index,Kaupakalua,50.03599999999995,35.4
Above On Index,Kaupakalua,37.8459999999998,35.4
Above On Index,Kaupakalua,63.5,35.4
Above On Index,Kaupakalua,65.9380000000001,35.4
Above On Index,Kaupakalua,44.7040000000001,35.4
Above On Index,Kaupakalua,37.338,35.4
Above On Index,Kaupakalua,72.898,35.4
Above On Index,Kaupakalua,45.57167205906825,35.4
Above On Index,Kaupakalua,43.380223150258416,35.4
Above On Index,Kaupakalua,41.4671151561006,35.4
Above On Index,Kaupakalua,39.915799216910884,35.4
Above On Index,Kaupakalua,38.98485627949698,35.4
Above On Index,Kaupakalua,58.376793039988456,35.4
Above On Index,Kaupakalua,59.538554754891535,35.4
Above On Index,Kaupakalua,40.88230040847888,35.4
Above On Index,Kaupakalua,116.44465657877592,35.4
Above On Index,Kaupakalua,76.79799565958595,35.4
Above Off Index,Kaupakalua,35.0733457237999,34.4
Above On Index,Kaupakalua,45.4654278582531,35.4
Above On Index,Kapaia,59.0528255323791,45.0
Above On Index,Kapaia,45.02267369789497,45.0
Above On Index,Kapaia,53.35873921257477,45.0
Above On Index,Kapaia,50.50845956398156,45.0
Above On Index,Kapaia,140.716,45.0
Above On Index,Kapaia,53.6570861486178,45.0
Above On Index,Kapaia,56.529931648437504,45.0
Above On Index,Kapaia,63.459826140021,45.0
Above On Index,Kapaia,55.85,45.0
Above On Index,Kapaia,122.388302937255,45.0
Above On Index,Kapaia,85.99399999999994,45.0
Above On Index,Kapaia,50.03599999999995,45.0
Above On Index,Kapaia,63.5,45.0
Above On Index,Kapaia,65.9380000000001,45.0
Above Off Index,Kapaia,44.7040000000001,44.0
Above On Index,Kapaia,72.898,45.0
Above On Index,Kapaia,45.57167205906825,45.0
Above On Index,Kapaia,58.376793039988456,45.0
Above On Index,Kapaia,59.538554754891535,45.0
Above On Index,Kapaia,116.44465657877592,45.0
Above On Index,Kapaia,76.79799565958595,45.0
Above On Index,Kapaia,45.4654278582531,45.0
Above On Index,Wailua,59.0528255323791,30.5
Above On Index,Wailua,45.02267369789497,30.5
Above On Index,Wailua,34.539082189752975,30.5
Above On Index,Wailua,32.22649555218371,30.5
Above On Index,Wailua,53.35873921257477,30.5
Above On Index,Wailua,30.818876042233224,30.5
Above On Index,Wailua,36.25796834065102,30.5
Above On Index,Wailua,50.50845956398156,30.5
Above On Index,Wailua,140.716,30.5
Above On Index,Wailua,53.6570861486178,30.5
Above On Index,Wailua,42.0640615724006,30.5
Above On Index,Wailua,56.529931648437504,30.5
Above On Index,Wailua,63.459826140021,30.5
Above On Index,Wailua,55.85,30.5
Above On Index,Wailua,122.388302937255,30.5
Above On Index,Wailua,38.1,30.5
Above Off Index,Wailua,29.57399999999995,29.5
Above On Index,Wailua,33.27300000000005,30.5
Above On Index,Wailua,85.99399999999994,30.5
Above On Index,Wailua,50.03599999999995,30.5
Above On Index,Wailua,37.8459999999998,30.5
Above On Index,Wailua,63.5,30.5
Above On Index,Wailua,65.9380000000001,30.5
Above On Index,Wailua,44.7040000000001,30.5
Above On Index,Wailua,31.14000000000005,30.5
Above Off Index,Wailua,30.4444989712352,29.5
Above On Index,Wailua,37.338,30.5
Above On Index,Wailua,72.898,30.5
Above On Index,Wailua,45.57167205906825,30.5
Above On Index,Wailua,43.380223150258416,30.5
Above On Index,Wailua,41.4671151561006,30.5
Above On Index,Wailua,39.915799216910884,30.5
Above On Index,Wailua,34.334807653874414,30.5
Above On Index,Wailua,38.98485627949698,30.5
Above On Index,Wailua,58.376793039988456,30.5
Above On Index,Wailua,59.538554754891535,30.5
Above On Index,Wailua,40.88230040847888,30.5
Above On Index,Wailua,116.44465657877592,30.5
Above On Index,Wailua,76.79799565958595,30.5
Above On Index,Wailua,35.0733457237999,30.5
Above On Index,Wailua,45.4654278582531,30.5
Above On Index,Aepo,59.0528255323791,49.0
Above On Index,Aepo,53.35873921257477,49.0
Above On Index,Aepo,50.50845956398156,49.0
Above On Index,Aepo,140.716,49.0
Above On Index,Aepo,53.6570861486178,49.0
Above On Index,Aepo,56.529931648437504,49.0
Above On Index,Aepo,63.459826140021,49.0
Above On Index,Aepo,55.85,49.0
Above On Index,Aepo,122.388302937255,49.0
Above On Index,Aepo,85.99399999999994,49.0
Above On Index,Aepo,50.03599999999995,49.0
Above On Index,Aepo,63.5,49.0
Above On Index,Aepo,65.9380000000001,49.0
Above On Index,Aepo,72.898,49.0
Above On Index,Aepo,58.376793039988456,49.0
Above On Index,Aepo,59.538554754891535,49.0
Above On Index,Aepo,116.44465657877592,49.0
Above On Index,Aepo,76.79799565958595,49.0
Above On Index,Huinawai,59.0528255323791,28.0
Above On Index,Huinawai,45.02267369789497,28.0
Above On Index,Huinawai,34.539082189752975,28.0
Above On Index,Huinawai,32.22649555218371,28.0
Above On Index,Huinawai,53.35873921257477,28.0
Above On Index,Huinawai,30.818876042233224,28.0
Above On Index,Huinawai,36.25796834065102,28.0
Above On Index,Huinawai,28.53237893400246,28.0
Above On Index,Huinawai,50.50845956398156,28.0
Above On Index,Huinawai,140.716,28.0
Above On Index,Huinawai,53.6570861486178,28.0
Above On Index,Huinawai,42.0640615724006,28.0
Above On Index,Huinawai,56.529931648437504,28.0
Above On Index,Huinawai,28.31700000000005,28.0
Above On Index,Huinawai,63.459826140021,28.0
Above Off Index,Huinawai,27.37727793159485,27.0
Above On Index,Huinawai,55.85,28.0
Above On Index,Huinawai,122.388302937255,28.0
Above Off Index,Huinawai,27.4319999999999,27.0
Above On Index,Huinawai,38.1,28.0
Above On Index,Huinawai,29.57399999999995,28.0
Above On Index,Huinawai,33.27300000000005,28.0
Above On Index,Huinawai,85.99399999999994,28.0
Above On Index,Huinawai,50.03599999999995,28.0
Above On Index,Huinawai,37.8459999999998,28.0
Above On Index,Huinawai,63.5,28.0
Above On Index,Huinawai,65.9380000000001,28.0
Above On Index,Huinawai,44.7040000000001,28.0
Above On Index,Huinawai,31.14000000000005,28.0
Above On Index,Huinawai,30.4444989712352,28.0
Above On Index,Huinawai,37.338,28.0
Above On Index,Huinawai,72.898,28.0
Above On Index,Huinawai,45.57167205906825,28.0
Above On Index,Huinawai,43.380223150258416,28.0
Above On Index,Huinawai,41.4671151561006,28.0
Above On Index,Huinawai,39.915799216910884,28.0
Above On Index,Huinawai,34.334807653874414,28.0
Above On Index,Huinawai,38.98485627949698,28.0
Above On Index,Huinawai,58.376793039988456,28.0
Above On Index,Huinawai,59.538554754891535,28.0
Above On Index,Huinawai,40.88230040847888,28.0
Above On Index,Huinawai,28.6492691632016,28.0
Above On Index,Huinawai,116.44465657877592,28.0
Above On Index,Huinawai,76.79799565958595,28.0
Above On Index,Huinawai,35.0733457237999,28.0
Above On Index,Huinawai,28.557244722484977,28.0
Above On Index,Huinawai,45.4654278582531,28.0
Above On Index,Aepoeha,59.0528255323791,34.0
Above On Index,Aepoeha,45.02267369789497,34.0
Above On Index,Aepoeha,34.539082189752975,34.0
Above On Index,Aepoeha,53.35873921257477,34.0
Above On Index,Aepoeha,36.25796834065102,34.0
Above On Index,Aepoeha,50.50845956398156,34.0
Above On Index,Aepoeha,140.716,34.0
Above On Index,Aepoeha,53.6570861486178,34.0
Above On Index,Aepoeha,42.0640615724006,34.0
Above On Index,Aepoeha,56.529931648437504,34.0
Above On Index,Aepoeha,63.459826140021,34.0
Above On Index,Aepoeha,55.85,34.0
Above On Index,Aepoeha,122.388302937255,34.0
Above On Index,Aepoeha,38.1,34.0
Above Off Index,Aepoeha,33.27300000000005,33.0
Above On Index,Aepoeha,85.99399999999994,34.0
Above On Index,Aepoeha,50.03599999999995,34.0
Above On Index,Aepoeha,37.8459999999998,34.0
Above On Index,Aepoeha,63.5,34.0
Above On Index,Aepoeha,65.9380000000001,34.0
Above On Index,Aepoeha,44.7040000000001,34.0
Above On Index,Aepoeha,37.338,34.0
Above On Index,Aepoeha,72.898,34.0
Above On Index,Aepoeha,45.57167205906825,34.0
Above On Index,Aepoeha,43.380223150258416,34.0
Above On Index,Aepoeha,41.4671151561006,34.0
Above On Index,Aepoeha,39.915799216910884,34.0
Above On Index,Aepoeha,34.334807653874414,34.0
Above On Index,Aepoeha,38.98485627949698,34.0
Above On Index,Aepoeha,58.376793039988456,34.0
Above On Index,Aepoeha,59.538554754891535,34.0
Above On Index,Aepoeha,40.88230040847888,34.0
Above On Index,Aepoeha,116.44465657877592,34.0
Above On Index,Aepoeha,76.79799565958595,34.0
Above On Index,Aepoeha,35.0733457237999,34.0
Above On Index,Aepoeha,45.4654278582531,34.0
Above On Index,Elua,26.74364659790052,22.0
Above On Index,Elua,23.6893998613414,22.0
Above On Index,Elua,59.0528255323791,22.0
Above On Index,Elua,22.960875074433055,22.0
Above On Index,Elua,45.02267369789497,22.0
Above On Index,Elua,34.539082189752975,22.0
Above On Index,Elua,32.22649555218371,22.0
Above On Index,Elua,26.4405175406852,22.0
Above On Index,Elua,53.35873921257477,22.0
Above On Index,Elua,30.818876042233224,22.0
Above On Index,Elua,36.25796834065102,22.0
Above On Index,Elua,22.308766299411126,22.0
Above On Index,Elua,28.53237893400246,22.0
Above On Index,Elua,24.3871991591653,22.0
Above On Index,Elua,50.50845956398156,22.0
Above On Index,Elua,140.716,22.0
Above On Index,Elua,22.9921626175131,22.0
Above On Index,Elua,53.6570861486178,22.0
Above On Index,Elua,42.0640615724006,22.0
Above On Index,Elua,56.529931648437504,22.0
Above On Index,Elua,28.31700000000005,22.0
Above On Index,Elua,63.459826140021,22.0
Above On Index,Elua,27.37727793159485,22.0
Above On Index,Elua,26.674,22.0
Above On Index,Elua,24.528,22.0
Above On Index,Elua,55.85,22.0
Above On Index,Elua,122.388302937255,22.0
Above On Index,Elua,27.4319999999999,22.0
Above On Index,Elua,38.1,22.0
Above On Index,Elua,29.57399999999995,22.0
Above On Index,Elua,33.27300000000005,22.0
Above On Index,Elua,85.99399999999994,22.0
Above On Index,Elua,50.03599999999995,22.0
Above On Index,Elua,25.42399999999995,22.0
Above Off Index,Elua,21.994999999999997,21.0
Above On Index,Elua,37.8459999999998,22.0
Above On Index,Elua,63.5,22.0
Above On Index,Elua,65.9380000000001,22.0
Above On Index,Elua,44.7040000000001,22.0
Above On Index,Elua,31.14000000000005,22.0
Above On Index,Elua,30.4444989712352,22.0
Above On Index,Elua,37.338,22.0
Above On Index,Elua,72.898,22.0
Above On Index,Elua,45.57167205906825,22.0
Above On Index,Elua,43.380223150258416,22.0
Above On Index,Elua,41.4671151561006,22.0
Above On Index,Elua,39.915799216910884,22.0
Above On Index,Elua,23.361458541629602,22.0
Above On Index,Elua,23.787635540724544,22.0
Above On Index,Elua,26.040043415579426,22.0
Above Off Index,Elua,21.02983522883168,21.0
Above On Index,Elua,24.57327329798814,22.0
Above On Index,Elua,25.059524760593696,22.0
Above On Index,Elua,34.334807653874414,22.0
Above On Index,Elua,22.773161448654882,22.0
Above On Index,Elua,38.98485627949698,22.0
Above On Index,Elua,23.47768960483672,22.0
Above On Index,Elua,58.376793039988456,22.0
Above On Index,Elua,59.538554754891535,22.0
Above On Index,Elua,40.88230040847888,22.0
Above On Index,Elua,28.6492691632016,22.0
Above On Index,Elua,23.99907686610822,22.0
Above On Index,Elua,116.44465657877592,22.0
Above On Index,Elua,76.79799565958595,22.0
Above On Index,Elua,35.0733457237999,22.0
Above On Index,Elua,24.417536611075082,22.0
Above On Index,Elua,28.557244722484977,22.0
Above On Index,Elua,45.4654278582531,22.0
Above On Index,Kalihiwai,18.123314949837603,10.5
Above On Index,Kalihiwai,17.6121937189769,10.5
Above Off Index,Kalihiwai,10.443270061630315,9.5
Above Off Index,Kalihiwai,10.303253176910047,9.5
Above On Index,Kalihiwai,15.88063066434336,10.5
Above On Index,Kalihiwai,13.324838197209067,10.5
Above On Index,Kalihiwai,15.481323304510202,10.5
Above On Index,Kalihiwai,16.61627620820274,10.5
Above On Index,Kalihiwai,26.74364659790052,10.5
Above On Index,Kalihiwai,14.585690872338194,10.5
Above On Index,Kalihiwai,10.83751284782319,10.5
Above Off Index,Kalihiwai,10.181644906173542,9.5
Above On Index,Kalihiwai,11.63366434349334,10.5
Above On Index,Kalihiwai,23.6893998613414,10.5
Above On Index,Kalihiwai,59.0528255323791,10.5
Above On Index,Kalihiwai,22.960875074433055,10.5
Above Off Index,Kalihiwai,10.200964766644814,9.5
Above On Index,Kalihiwai,45.02267369789497,10.5
Above On Index,Kalihiwai,34.539082189752975,10.5
Above On Index,Kalihiwai,32.22649555218371,10.5
Above On Index,Kalihiwai,12.19228131420541,10.5
Above On Index,Kalihiwai,26.4405175406852,10.5
Above On Index,Kalihiwai,53.35873921257477,10.5
Above On Index,Kalihiwai,30.818876042233224,10.5
Above On Index,Kalihiwai,15.587193270389825,10.5
Above Off Index,Kalihiwai,10.355919417821713,9.5
Above On Index,Kalihiwai,17.32028594828652,10.5
Above On Index,Kalihiwai,11.18331862213994,10.5
Above On Index,Kalihiwai,10.6932306238429,10.5
Above On Index,Kalihiwai,14.188687151947988,10.5
Above On Index,Kalihiwai,12.17790487875512,10.5
Above Off Index,Kalihiwai,10.124061263743139,9.5
Above On Index,Kalihiwai,36.25796834065102,10.5
Above On Index,Kalihiwai,22.308766299411126,10.5
Above On Index,Kalihiwai,12.610133398705063,10.5
Above On Index,Kalihiwai,20.359682912118096,10.5
Above Off Index,Kalihiwai,9.744412911364424,9.5
Above On Index,Kalihiwai,16.35526256679145,10.5
Above Off Index,Kalihiwai,10.01400462515891,9.5
Above On Index,Kalihiwai,11.272122012452089,10.5
Above Off Index,Kalihiwai,10.427460291687341,9.5
Above On Index,Kalihiwai,15.67813484233479,10.5
Above On Index,Kalihiwai,17.87154852841752,10.5
Above Off Index,Kalihiwai,9.511089900849566,9.5
Above On Index,Kalihiwai,28.53237893400246,10.5
Above On Index,Kalihiwai,24.3871991591653,10.5
Above Off Index,Kalihiwai,9.603402157666073,9.5
Above On Index,Kalihiwai,19.431115179919807,10.5
Above On Index,Kalihiwai,12.781040025990103,10.5
Above Off Index,Kalihiwai,10.273150935201112,9.5
Above On Index,Kalihiwai,17.21536221175608,10.5
Above On Index,Kalihiwai,11.68736123848397,10.5
Above On Index,Kalihiwai,50.50845956398156,10.5
Above On Index,Kalihiwai,19.507721032606117,10.5
Above On Index,Kalihiwai,10.678391031554302,10.5
Above On Index,Kalihiwai,140.716,10.5
Above On Index,Kalihiwai,22.9921626175131,10.5
Above On Index,Kalihiwai,53.6570861486178,10.5
Above On Index,Kalihiwai,42.0640615724006,10.5
Above On Index,Kalihiwai,13.462158203125,10.5
Above On Index,Kalihiwai,56.529931648437504,10.5
Above On Index,Kalihiwai,28.31700000000005,10.5
Above On Index,Kalihiwai,17.916,10.5
Above On Index,Kalihiwai,15.6748249469862,10.5
Above On Index,Kalihiwai,63.459826140021,10.5
Above On Index,Kalihiwai,27.37727793159485,10.5
Above On Index,Kalihiwai,26.674,10.5
Above Off Index,Kalihiwai,9.50342721523871,9.5
Above Off Index,Kalihiwai,10.0624372973925,9.5
Above On Index,Kalihiwai,11.322000000000006,10.5
Above On Index,Kalihiwai,24.528,10.5
Above On Index,Kalihiwai,18.5421142578125,10.5
Above On Index,Kalihiwai,55.85,10.5
Above On Index,Kalihiwai,122.388302937255,10.5
Above On Index,Kalihiwai,27.4319999999999,10.5
Above On Index,Kalihiwai,38.1,10.5
Above On Index,Kalihiwai,29.57399999999995,10.5
Above On Index,Kalihiwai,13.084,10.5
Above On Index,Kalihiwai,33.27300000000005,10.5
Above On Index,Kalihiwai,20.08200000000005,10.5
Above On Index,Kalihiwai,85.99399999999994,10.5
Above On Index,Kalihiwai,50.03599999999995,10.5
Above On Index,Kalihiwai,25.42399999999995,10.5
Above On Index,Kalihiwai,21.994999999999997,10.5
Above On Index,Kalihiwai,37.8459999999998,10.5
Above Off Index,Kalihiwai,9.521342227181416,9.5
Above On Index,Kalihiwai,63.5,10.5
Above On Index,Kalihiwai,19.2264426932322,10.5
Above On Index,Kalihiwai,65.9380000000001,10.5
Above On Index,Kalihiwai,44.7040000000001,10.5
Above On Index,Kalihiwai,11.4300000000001,10.5
Above On Index,Kalihiwai,31.14000000000005,10.5
Above Off Index,Kalihiwai,9.58006775729711,9.5
Above On Index,Kalihiwai,12.794825541372,10.5
Above On Index,Kalihiwai,20.450000000000053,10.5
Above On Index,Kalihiwai,10.8881053425195,10.5
Above On Index,Kalihiwai,30.4444989712352,10.5
Above On Index,Kalihiwai,20.3199999999999,10.5
Above On Index,Kalihiwai,37.338,10.5
Above On Index,Kalihiwai,72.898,10.5
Above On Index,Kalihiwai,45.57167205906825,10.5
Above On Index,Kalihiwai,12.833271547772792,10.5
Above On Index,Kalihiwai,17.69191097805939,10.5
Above On Index,Kalihiwai,11.820263426275075,10.5
Above On Index,Kalihiwai,13.974308575068298,10.5
Above Off Index,Kalihiwai,9.659331956797574,9.5
Above On Index,Kalihiwai,14.78009490154522,10.5
Above On Index,Kalihiwai,43.380223150258416,10.5
Above On Index,Kalihiwai,16.59648322717878,10.5
Above On Index,Kalihiwai,19.82205419375939,10.5
Above On Index,Kalihiwai,41.4671151561006,10.5
Above On Index,Kalihiwai,39.915799216910884,10.5
Above On Index,Kalihiwai,16.148298371596052,10.5
Above On Index,Kalihiwai,11.84581188057687,10.5
Above On Index,Kalihiwai,23.361458541629602,10.5
Above On Index,Kalihiwai,13.426042038170575,10.5
Above On Index,Kalihiwai,14.322646046743973,10.5
Above On Index,Kalihiwai,13.369908443275037,10.5
Above On Index,Kalihiwai,13.359387951763585,10.5
Above On Index,Kalihiwai,15.626974319985163,10.5
Above On Index,Kalihiwai,18.67593044962407,10.5
Above On Index,Kalihiwai,10.56738392297028,10.5
Above On Index,Kalihiwai,23.787635540724544,10.5
Above On Index,Kalihiwai,26.040043415579426,10.5
Above On Index,Kalihiwai,12.16632651266903,10.5
Above On Index,Kalihiwai,12.134466812011462,10.5
Above On Index,Kalihiwai,18.58487937179998,10.5
Above On Index,Kalihiwai,21.02983522883168,10.5
Above On Index,Kalihiwai,24.57327329798814,10.5
Above On Index,Kalihiwai,25.059524760593696,10.5
Above On Index,Kalihiwai,18.91962786010384,10.5
Above On Index,Kalihiwai,20.77725298005798,10.5
Above On Index,Kalihiwai,17.280015453335597,10.5
Above On Index,Kalihiwai,16.880318383022757,10.5
Above On Index,Kalihiwai,17.44997188320419,10.5
Above On Index,Kalihiwai,34.334807653874414,10.5
Above On Index,Kalihiwai,19.252026518712206,10.5
Above On Index,Kalihiwai,17.672169695444847,10.5
Above On Index,Kalihiwai,14.025900986844784,10.5
Above On Index,Kalihiwai,12.672867832003742,10.5
Above On Index,Kalihiwai,11.226409698209917,10.5
Above On Index,Kalihiwai,17.77573197711194,10.5
Above On Index,Kalihiwai,22.773161448654882,10.5
Above On Index,Kalihiwai,13.523284253875127,10.5
Above On Index,Kalihiwai,12.974187274069914,10.5
Above On Index,Kalihiwai,38.98485627949698,10.5
Above On Index,Kalihiwai,10.73223668167378,10.5
Above On Index,Kalihiwai,23.47768960483672,10.5
Above On Index,Kalihiwai,12.3321012661389,10.5
Above On Index,Kalihiwai,13.34986083103464,10.5
Above On Index,Kalihiwai,10.857789939899638,10.5
Above On Index,Kalihiwai,12.959258902699801,10.5
Above On Index,Kalihiwai,17.403447171914017,10.5
Above On Index,Kalihiwai,15.47850637637419,10.5
Above On Index,Kalihiwai,17.669861722967404,10.5
Above On Index,Kalihiwai,58.376793039988456,10.5
Above On Index,Kalihiwai,59.538554754891535,10.5
Above On Index,Kalihiwai,17.051073278868312,10.5
Above On Index,Kalihiwai,13.199360962594842,10.5
Above On Index,Kalihiwai,40.88230040847888,10.5
Above On Index,Kalihiwai,14.072385852514648,10.5
Above On Index,Kalihiwai,12.314351850332894,10.5
Above On Index,Kalihiwai,11.28615274951759,10.5
Above On Index,Kalihiwai,13.673622564553051,10.5
Above On Index,Kalihiwai,28.6492691632016,10.5
Above On Index,Kalihiwai,14.740562032361657,10.5
Above Off Index,Kalihiwai,9.932244698861426,9.5
Above On Index,Kalihiwai,15.386307444252083,10.5
Above On Index,Kalihiwai,23.99907686610822,10.5
Above On Index,Kalihiwai,116.44465657877592,10.5
Above On Index,Kalihiwai,76.79799565958595,10.5
Above On Index,Kalihiwai,35.0733457237999,10.5
Above Off Index,Kalihiwai,10.216654735513611,9.5
Above On Index,Kalihiwai,24.417536611075082,10.5
Above On Index,Kalihiwai,15.497382673416823,10.5
Above On Index,Kalihiwai,10.730163414241739,10.5
Above On Index,Kalihiwai,14.70261454410651,10.5
Above On Index,Kalihiwai,14.758673185213627,10.5
Above On Index,Kalihiwai,28.557244722484977,10.5
Above Off Index,Kalihiwai,9.56238672451682,9.5
Above On Index,Kalihiwai,16.8152306724813,10.5
Above On Index,Kalihiwai,45.4654278582531,10.5
Above On Index,Kalihiwai,19.91786350900636,10.5
Above Off Index,Kalihiwai,10.220394978152177,9.5
Above On Index,Kalihiwai,13.405118170875088,10.5
Above On Index,Kalihiwai,12.101870607200144,10.5
Above On Index,Mauka,18.123314949837603,8.0
Above On Index,Mauka,17.6121937189769,8.0
Above On Index,Mauka,10.443270061630315,8.0
Above On Index,Mauka,10.303253176910047,8.0
Above On Index,Mauka,15.88063066434336,8.0
Above Off Index,Mauka,7.020956121009769,7.0
Above On Index,Mauka,13.324838197209067,8.0
Above On Index,Mauka,15.481323304510202,8.0
Above On Index,Mauka,16.61627620820274,8.0
Above On Index,Mauka,8.969590287972434,8.0
Above On Index,Mauka,8.1467710391017,8.0
Above On Index,Mauka,9.45996690752299,8.0
Above On Index,Mauka,26.74364659790052,8.0
Above On Index,Mauka,14.585690872338194,8.0
Above On Index,Mauka,10.83751284782319,8.0
Above On Index,Mauka,10.181644906173542,8.0
Above On Index,Mauka,11.63366434349334,8.0
Above On Index,Mauka,23.6893998613414,8.0
Above On Index,Mauka,59.0528255323791,8.0
Above On Index,Mauka,22.960875074433055,8.0
Above Off Index,Mauka,7.769470643865408,7.0
Above On Index,Mauka,10.200964766644814,8.0
Above Off Index,Mauka,7.797849685896552,7.0
Above On Index,Mauka,45.02267369789497,8.0
Above On Index,Mauka,34.539082189752975,8.0
Above On Index,Mauka,32.22649555218371,8.0
Above On Index,Mauka,12.19228131420541,8.0
Above On Index,Mauka,26.4405175406852,8.0
Above Off Index,Mauka,7.6631537350209795,7.0
Above On Index,Mauka,53.35873921257477,8.0
Above On Index,Mauka,30.818876042233224,8.0
Above On Index,Mauka,8.764292512028872,8.0
Above On Index,Mauka,15.587193270389825,8.0
Above On Index,Mauka,8.8279434222143,8.0
Above On Index,Mauka,10.355919417821713,8.0
Above On Index,Mauka,17.32028594828652,8.0
Above On Index,Mauka,11.18331862213994,8.0
Above On Index,Mauka,10.6932306238429,8.0
Above On Index,Mauka,14.188687151947988,8.0
Above On Index,Mauka,12.17790487875512,8.0
Above On Index,Mauka,8.70792826419131,8.0
Above On Index,Mauka,10.124061263743139,8.0
Above On Index,Mauka,36.25796834065102,8.0
Above On Index,Mauka,8.005501754117088,8.0
Above On Index,Mauka,22.308766299411126,8.0
Above On Index,Mauka,12.610133398705063,8.0
Above On Index,Mauka,20.359682912118096,8.0
Above On Index,Mauka,9.744412911364424,8.0
Above Off Index,Mauka,7.94227809780177,7.0
Above On Index,Mauka,16.35526256679145,8.0
Above On Index,Mauka,8.290233865478843,8.0
Above On Index,Mauka,8.084186523410796,8.0
Above On Index,Mauka,10.01400462515891,8.0
Above On Index,Mauka,11.272122012452089,8.0
Above On Index,Mauka,10.427460291687341,8.0
Above On Index,Mauka,15.67813484233479,8.0
Above Off Index,Mauka,7.201675887699875,7.0
Above On Index,Mauka,17.87154852841752,8.0
Above Off Index,Mauka,7.483968678539334,7.0
Above On Index,Mauka,9.511089900849566,8.0
Above Off Index,Mauka,7.412038453937678,7.0
Above On Index,Mauka,28.53237893400246,8.0
Above On Index,Mauka,24.3871991591653,8.0
Above On Index,Mauka,9.603402157666073,8.0
Above On Index,Mauka,19.431115179919807,8.0
Above On Index,Mauka,12.781040025990103,8.0
Above On Index,Mauka,10.273150935201112,8.0
Above On Index,Mauka,17.21536221175608,8.0
Above On Index,Mauka,11.68736123848397,8.0
Above On Index,Mauka,50.50845956398156,8.0
Above On Index,Mauka,19.507721032606117,8.0
Above On Index,Mauka,10.678391031554302,8.0
Above On Index,Mauka,140.716,8.0
Above On Index,Mauka,22.9921626175131,8.0
Above On Index,Mauka,53.6570861486178,8.0
Above On Index,Mauka,42.0640615724006,8.0
Above On Index,Mauka,13.462158203125,8.0
Above On Index,Mauka,56.529931648437504,8.0
Above On Index,Mauka,28.31700000000005,8.0
Above On Index,Mauka,17.916,8.0
Above Off Index,Mauka,7.366,7.0
Above On Index,Mauka,15.6748249469862,8.0
Above Off Index,Mauka,7.11199999999998,7.0
Above On Index,Mauka,8.81366233671328,8.0
Above Off Index,Mauka,7.039543434465833,7.0
Above On Index,Mauka,63.459826140021,8.0
Above On Index,Mauka,27.37727793159485,8.0
Above On Index,Mauka,26.674,8.0
Above On Index,Mauka,9.50342721523871,8.0
Above On Index,Mauka,8.12800000000004,8.0
Above On Index,Mauka,10.0624372973925,8.0
Above Off Index,Mauka,7.019964169938641,7.0
Above On Index,Mauka,11.322000000000006,8.0
Above On Index,Mauka,24.528,8.0
Above On Index,Mauka,18.5421142578125,8.0
Above On Index,Mauka,55.85,8.0
Above On Index,Mauka,122.388302937255,8.0
Above Off Index,Mauka,7.216999999999915,7.0
Above On Index,Mauka,8.498000000000115,8.0
Above On Index,Mauka,27.4319999999999,8.0
Above On Index,Mauka,38.1,8.0
Above On Index,Mauka,29.57399999999995,8.0
Above On Index,Mauka,13.084,8.0
Above On Index,Mauka,33.27300000000005,8.0
Above On Index,Mauka,20.08200000000005,8.0
Above On Index,Mauka,85.99399999999994,8.0
Above Off Index,Mauka,7.706347891183359,7.0
Above On Index,Mauka,50.03599999999995,8.0
Above On Index,Mauka,25.42399999999995,8.0
Above On Index,Mauka,21.994999999999997,8.0
Above On Index,Mauka,37.8459999999998,8.0
Above On Index,Mauka,9.521342227181416,8.0
Above Off Index,Mauka,7.00484148784627,7.0
Above On Index,Mauka,63.5,8.0
Above On Index,Mauka,19.2264426932322,8.0
Above On Index,Mauka,65.9380000000001,8.0
Above On Index,Mauka,44.7040000000001,8.0
Above On Index,Mauka,11.4300000000001,8.0
Above Off Index,Mauka,7.732999999999995,7.0
Above On Index,Mauka,8.79536935333687,8.0
Above On Index,Mauka,31.14000000000005,8.0
Above On Index,Mauka,9.58006775729711,8.0
Above On Index,Mauka,8.147434599472614,8.0
Above Off Index,Mauka,7.20421095348743,7.0
Above On Index,Mauka,12.794825541372,8.0
Above On Index,Mauka,20.450000000000053,8.0
Above Off Index,Mauka,7.36599999999999,7.0
Above On Index,Mauka,8.767999999999986,8.0
Above On Index,Mauka,10.8881053425195,8.0
Above Off Index,Mauka,7.11199999999985,7.0
Above On Index,Mauka,8.63599999999997,8.0
Above On Index,Mauka,30.4444989712352,8.0
Above Off Index,Mauka,7.36600000000004,7.0
Above On Index,Mauka,20.3199999999999,8.0
Above On Index,Mauka,37.338,8.0
Above On Index,Mauka,72.898,8.0
Above On Index,Mauka,45.57167205906825,8.0
Above Off Index,Mauka,7.61999999999989,7.0
Above On Index,Mauka,12.833271547772792,8.0
Above Off Index,Mauka,7.742255459333438,7.0
Above On Index,Mauka,17.69191097805939,8.0
Above On Index,Mauka,11.820263426275075,8.0
Above On Index,Mauka,13.974308575068298,8.0
Above On Index,Mauka,9.659331956797574,8.0
Above On Index,Mauka,14.78009490154522,8.0
Above On Index,Mauka,8.154134518563467,8.0
Above On Index,Mauka,43.380223150258416,8.0
Above On Index,Mauka,16.59648322717878,8.0
Above On Index,Mauka,19.82205419375939,8.0
Above On Index,Mauka,41.4671151561006,8.0
Above On Index,Mauka,39.915799216910884,8.0
Above On Index,Mauka,16.148298371596052,8.0
Above On Index,Mauka,11.84581188057687,8.0
Above On Index,Mauka,23.361458541629602,8.0
Above On Index,Mauka,13.426042038170575,8.0
Above On Index,Mauka,14.322646046743973,8.0
Above On Index,Mauka,13.369908443275037,8.0
Above On Index,Mauka,13.359387951763585,8.0
Above On Index,Mauka,15.626974319985163,8.0
Above On Index,Mauka,18.67593044962407,8.0
Above On Index,Mauka,10.56738392297028,8.0
Above On Index,Mauka,23.787635540724544,8.0
Above On Index,Mauka,26.040043415579426,8.0
Above On Index,Mauka,8.71362357126558,8.0
Above On Index,Mauka,12.16632651266903,8.0
Above On Index,Mauka,12.134466812011462,8.0
Above Off Index,Mauka,7.396307817354784,7.0
Above On Index,Mauka,18.58487937179998,8.0
Above On Index,Mauka,21.02983522883168,8.0
Above On Index,Mauka,24.57327329798814,8.0
Above On Index,Mauka,25.059524760593696,8.0
Above On Index,Mauka,18.91962786010384,8.0
Above On Index,Mauka,20.77725298005798,8.0
Above On Index,Mauka,17.280015453335597,8.0
Above On Index,Mauka,16.880318383022757,8.0
Above On Index,Mauka,17.44997188320419,8.0
Above On Index,Mauka,34.334807653874414,8.0
Above On Index,Mauka,19.252026518712206,8.0
Above On Index,Mauka,17.672169695444847,8.0
Above On Index,Mauka,14.025900986844784,8.0
Above On Index,Mauka,12.672867832003742,8.0
Above On Index,Mauka,11.226409698209917,8.0
Above Off Index,Mauka,7.277528876263707,7.0
Above On Index,Mauka,17.77573197711194,8.0
Above On Index,Mauka,22.773161448654882,8.0
Above On Index,Mauka,13.523284253875127,8.0
Above Off Index,Mauka,7.131370908497092,7.0
Above On Index,Mauka,12.974187274069914,8.0
Above On Index,Mauka,38.98485627949698,8.0
Above Off Index,Mauka,7.878470757552684,7.0
Above On Index,Mauka,10.73223668167378,8.0
Above On Index,Mauka,23.47768960483672,8.0
Above On Index,Mauka,12.3321012661389,8.0
Above On Index,Mauka,13.34986083103464,8.0
Above On Index,Mauka,10.857789939899638,8.0
Above On Index,Mauka,8.061299978812654,8.0
Above Off Index,Mauka,7.822362523514899,7.0
Above On Index,Mauka,8.684582201936209,8.0
Above On Index,Mauka,12.959258902699801,8.0
Above On Index,Mauka,17.403447171914017,8.0
Above On Index,Mauka,15.47850637637419,8.0
Above On Index,Mauka,17.669861722967404,8.0
Above On Index,Mauka,58.376793039988456,8.0
Above On Index,Mauka,59.538554754891535,8.0
Above On Index,Mauka,8.044924738810133,8.0
Above On Index,Mauka,17.051073278868312,8.0
Above On Index,Mauka,13.199360962594842,8.0
Above On Index,Mauka,40.88230040847888,8.0
Above On Index,Mauka,14.072385852514648,8.0
Above On Index,Mauka,12.314351850332894,8.0
Above On Index,Mauka,11.28615274951759,8.0
Above On Index,Mauka,13.673622564553051,8.0
Above On Index,Mauka,28.6492691632016,8.0
Above On Index,Mauka,14.740562032361657,8.0
Above On Index,Mauka,9.932244698861426,8.0
Above On Index,Mauka,15.386307444252083,8.0
Above On Index,Mauka,23.99907686610822,8.0
Above On Index,Mauka,116.44465657877592,8.0
Above On Index,Mauka,76.79799565958595,8.0
Above On Index,Mauka,35.0733457237999,8.0
Above On Index,Mauka,9.29181779259331,8.0
Above On Index,Mauka,10.216654735513611,8.0
Above On Index,Mauka,24.417536611075082,8.0
Above On Index,Mauka,15.497382673416823,8.0
Above On Index,Mauka,10.730163414241739,8.0
Above On Index,Mauka,14.70261454410651,8.0
Above Off Index,Mauka,7.100406532258473,7.0
Above On Index,Mauka,9.137362387973223,8.0
Above On Index,Mauka,14.758673185213627,8.0
Above On Index,Mauka,28.557244722484977,8.0
Above On Index,Mauka,9.56238672451682,8.0
Above On Index,Mauka,16.8152306724813,8.0
Above On Index,Mauka,45.4654278582531,8.0
Above On Index,Mauka,19.91786350900636,8.0
Above On Index,Mauka,10.220394978152177,8.0
Above Off Index,Mauka,7.61899384399545,7.0
Above On Index,Mauka,13.405118170875088,8.0
Above On Index,Mauka,8.969364770580462,8.0
Above On Index,Mauka,8.470394434618191,8.0
Above On Index,Mauka,12.101870607200144,8.0
Above On Index,Alexander,140.716,100.0
Above On Index,Alexander,122.388302937255,100.0
Above On Index,Alexander,116.44465657877592,100.0
Above On Index,Papuaa,59.0528255323791,38.0
Above On Index,Papuaa,45.02267369789497,38.0
Above On Index,Papuaa,53.35873921257477,38.0
Above On Index,Papuaa,50.50845956398156,38.0
Above On Index,Papuaa,140.716,38.0
Above On Index,Papuaa,53.6570861486178,38.0
Above On Index,Papuaa,42.0640615724006,38.0
Above On Index,Papuaa,56.529931648437504,38.0
Above On Index,Papuaa,63.459826140021,38.0
Above On Index,Papuaa,55.85,38.0
Above On Index,Papuaa,122.388302937255,38.0
Above On Index,Papuaa,38.1,38.0
Above On Index,Papuaa,85.99399999999994,38.0
Above On Index,Papuaa,50.03599999999995,38.0
Above Off Index,Papuaa,37.8459999999998,37.0
Above On Index,Papuaa,63.5,38.0
Above On Index,Papuaa,65.9380000000001,38.0
Above On Index,Papuaa,44.7040000000001,38.0
Above Off Index,Papuaa,37.338,37.0
Above On Index,Papuaa,72.898,38.0
Above On Index,Papuaa,45.57167205906825,38.0
Above On Index,Papuaa,43.380223150258416,38.0
Above On Index,Papuaa,41.4671151561006,38.0
Above On Index,Papuaa,39.915799216910884,38.0
Above On Index,Papuaa,38.98485627949698,38.0
Above On Index,Papuaa,58.376793039988456,38.0
Above On Index,Papuaa,59.538554754891535,38.0
Above On Index,Papuaa,40.88230040847888,38.0
Above On Index,Papuaa,116.44465657877592,38.0
Above On Index,Papuaa,76.79799565958595,38.0
Above On Index,Papuaa,45.4654278582531,38.0
Above On Index,Ipuolono,59.0528255323791,30.0
Above On Index,Ipuolono,45.02267369789497,30.0
Above On Index,Ipuolono,34.539082189752975,30.0
Above On Index,Ipuolono,32.22649555218371,30.0
Above On Index,Ipuolono,53.35873921257477,30.0
Above On Index,Ipuolono,30.818876042233224,30.0
Above On Index,Ipuolono,36.25796834065102,30.0
Above On Index,Ipuolono,50.50845956398156,30.0
Above On Index,Ipuolono,140.716,30.0
Above On Index,Ipuolono,53.6570861486178,30.0
Above On Index,Ipuolono,42.0640615724006,30.0
Above On Index,Ipuolono,56.529931648437504,30.0
Above On Index,Ipuolono,63.459826140021,30.0
Above On Index,Ipuolono,55.85,30.0
Above On Index,Ipuolono,122.388302937255,30.0
Above On Index,Ipuolono,38.1,30.0
Above Off Index,Ipuolono,29.57399999999995,29.0
Above On Index,Ipuolono,33.27300000000005,30.0
Above On Index,Ipuolono,85.99399999999994,30.0
Above On Index,Ipuolono,50.03599999999995,30.0
Above On Index,Ipuolono,37.8459999999998,30.0
Above On Index,Ipuolono,63.5,30.0
Above On Index,Ipuolono,65.9380000000001,30.0
Above On Index,Ipuolono,44.7040000000001,30.0
Above On Index,Ipuolono,31.14000000000005,30.0
Above On Index,Ipuolono,30.4444989712352,30.0
Above On Index,Ipuolono,37.338,30.0
Above On Index,Ipuolono,72.898,30.0
Above On Index,Ipuolono,45.57167205906825,30.0
Above On Index,Ipuolono,43.380223150258416,30.0
Above On Index,Ipuolono,41.4671151561006,30.0
Above On Index,Ipuolono,39.915799216910884,30.0
Above On Index,Ipuolono,34.334807653874414,30.0
Above On Index,Ipuolono,38.98485627949698,30.0
Above On Index,Ipuolono,58.376793039988456,30.0
Above On Index,Ipuolono,59.538554754891535,30.0
Above On Index,Ipuolono,40.88230040847888,30.0
Above On Index,Ipuolono,116.44465657877592,30.0
Above On Index,Ipuolono,76.79799565958595,30.0
Above On Index,Ipuolono,35.0733457237999,30.0
Above On Index,Ipuolono,45.4654278582531,30.0
Above On Index,Nuuanu No 4,59.0528255323791,33.0
Above On Index,Nuuanu No 4,45.02267369789497,33.0
Above On Index,Nuuanu No 4,34.539082189752975,33.0
Above Off Index,Nuuanu No 4,32.22649555218371,30.0
Above On Index,Nuuanu No 4,53.35873921257477,33.0
Above Off Index,Nuuanu No 4,30.818876042233224,30.0
Above On Index,Nuuanu No 4,36.25796834065102,33.0
Above On Index,Nuuanu No 4,50.50845956398156,33.0
Above On Index,Nuuanu No 4,140.716,33.0
Above On Index,Nuuanu No 4,53.6570861486178,33.0
Above On Index,Nuuanu No 4,42.0640615724006,33.0
Above On Index,Nuuanu No 4,56.529931648437504,33.0
Above On Index,Nuuanu No 4,63.459826140021,33.0
Above On Index,Nuuanu No 4,55.85,33.0
Above On Index,Nuuanu No 4,122.388302937255,33.0
Above On Index,Nuuanu No 4,38.1,33.0
Above On Index,Nuuanu No 4,33.27300000000005,33.0
Above On Index,Nuuanu No 4,85.99399999999994,33.0
Above On Index,Nuuanu No 4,50.03599999999995,33.0
Above On Index,Nuuanu No 4,37.8459999999998,33.0
Above On Index,Nuuanu No 4,63.5,33.0
Above On Index,Nuuanu No 4,65.9380000000001,33.0
Above On Index,Nuuanu No 4,44.7040000000001,33.0
Above Off Index,Nuuanu No 4,31.14000000000005,30.0
Above Off Index,Nuuanu No 4,30.4444989712352,30.0
Above On Index,Nuuanu No 4,37.338,33.0
Above On Index,Nuuanu No 4,72.898,33.0
Above On Index,Nuuanu No 4,45.57167205906825,33.0
Above On Index,Nuuanu No 4,43.380223150258416,33.0
Above On Index,Nuuanu No 4,41.4671151561006,33.0
Above On Index,Nuuanu No 4,39.915799216910884,33.0
Above On Index,Nuuanu No 4,34.334807653874414,33.0
Above On Index,Nuuanu No 4,38.98485627949698,33.0
Above On Index,Nuuanu No 4,58.376793039988456,33.0
Above On Index,Nuuanu No 4,59.538554754891535,33.0
Above On Index,Nuuanu No 4,40.88230040847888,33.0
Above On Index,Nuuanu No 4,116.44465657877592,33.0
Above On Index,Nuuanu No 4,76.79799565958595,33.0
Above On Index,Nuuanu No 4,35.0733457237999,33.0
Above On Index,Nuuanu No 4,45.4654278582531,33.0
Above On Index,Kaneha,59.0528255323791,30.5
Above On Index,Kaneha,45.02267369789497,30.5
Above On Index,Kaneha,34.539082189752975,30.5
Above On Index,Kaneha,32.22649555218371,30.5
Above On Index,Kaneha,53.35873921257477,30.5
Above On Index,Kaneha,30.818876042233224,30.5
Above On Index,Kaneha,36.25796834065102,30.5
Above On Index,Kaneha,50.50845956398156,30.5
Above On Index,Kaneha,140.716,30.5
Above On Index,Kaneha,53.6570861486178,30.5
Above On Index,Kaneha,42.0640615724006,30.5
Above On Index,Kaneha,56.529931648437504,30.5
Above On Index,Kaneha,63.459826140021,30.5
Above On Index,Kaneha,55.85,30.5
Above On Index,Kaneha,122.388302937255,30.5
Above On Index,Kaneha,38.1,30.5
Above On Index,Kaneha,33.27300000000005,30.5
Above On Index,Kaneha,85.99399999999994,30.5
Above On Index,Kaneha,50.03599999999995,30.5
Above On Index,Kaneha,37.8459999999998,30.5
Above On Index,Kaneha,63.5,30.5
Above On Index,Kaneha,65.9380000000001,30.5
Above On Index,Kaneha,44.7040000000001,30.5
Above On Index,Kaneha,31.14000000000005,30.5
Above Off Index,Kaneha,30.4444989712352,30.0
Above On Index,Kaneha,37.338,30.5
Above On Index,Kaneha,72.898,30.5
Above On Index,Kaneha,45.57167205906825,30.5
Above On Index,Kaneha,43.380223150258416,30.5
Above On Index,Kaneha,41.4671151561006,30.5
Above On Index,Kaneha,39.915799216910884,30.5
Above On Index,Kaneha,34.334807653874414,30.5
Above On Index,Kaneha,38.98485627949698,30.5
Above On Index,Kaneha,58.376793039988456,30.5
Above On Index,Kaneha,59.538554754891535,30.5
Above On Index,Kaneha,40.88230040847888,30.5
Above On Index,Kaneha,116.44465657877592,30.5
Above On Index,Kaneha,76.79799565958595,30.5
Above On Index,Kaneha,35.0733457237999,30.5
Above On Index,Kaneha,45.4654278582531,30.5
Above On Index,Mimino,59.0528255323791,32.0
Above On Index,Mimino,45.02267369789497,32.0
Above On Index,Mimino,34.539082189752975,32.0
Above On Index,Mimino,32.22649555218371,32.0
Above On Index,Mimino,53.35873921257477,32.0
Above On Index,Mimino,36.25796834065102,32.0
Above On Index,Mimino,50.50845956398156,32.0
Above On Index,Mimino,140.716,32.0
Above On Index,Mimino,53.6570861486178,32.0
Above On Index,Mimino,42.0640615724006,32.0
Above On Index,Mimino,56.529931648437504,32.0
Above On Index,Mimino,63.459826140021,32.0
Above On Index,Mimino,55.85,32.0
Above On Index,Mimino,122.388302937255,32.0
Above On Index,Mimino,38.1,32.0
Above On Index,Mimino,33.27300000000005,32.0
Above On Index,Mimino,85.99399999999994,32.0
Above On Index,Mimino,50.03599999999995,32.0
Above On Index,Mimino,37.8459999999998,32.0
Above On Index,Mimino,63.5,32.0
Above On Index,Mimino,65.9380000000001,32.0
Above On Index,Mimino,44.7040000000001,32.0
Above On Index,Mimino,37.338,32.0
Above On Index,Mimino,72.898,32.0
Above On Index,Mimino,45.57167205906825,32.0
Above On Index,Mimino,43.380223150258416,32.0
Above On Index,Mimino,41.4671151561006,32.0
Above On Index,Mimino,39.915799216910884,32.0
Above On Index,Mimino,34.334807653874414,32.0
Above On Index,Mimino,38.98485627949698,32.0
Above On Index,Mimino,58.376793039988456,32.0
Above On Index,Mimino,59.538554754891535,32.0
Above On Index,Mimino,40.88230040847888,32.0
Above On Index,Mimino,116.44465657877592,32.0
Above On Index,Mimino,76.79799565958595,32.0
Above On Index,Mimino,35.0733457237999,32.0
Above On Index,Mimino,45.4654278582531,32.0
Above On Index,Kapalaalea ,26.74364659790052,20.0
Above On Index,Kapalaalea ,23.6893998613414,20.0
Above On Index,Kapalaalea ,59.0528255323791,20.0
Above On Index,Kapalaalea ,22.960875074433055,20.0
Above On Index,Kapalaalea ,45.02267369789497,20.0
Above On Index,Kapalaalea ,34.539082189752975,20.0
Above On Index,Kapalaalea ,32.22649555218371,20.0
Above On Index,Kapalaalea ,26.4405175406852,20.0
Above On Index,Kapalaalea ,53.35873921257477,20.0
Above On Index,Kapalaalea ,30.818876042233224,20.0
Above On Index,Kapalaalea ,36.25796834065102,20.0
Above On Index,Kapalaalea ,22.308766299411126,20.0
Above On Index,Kapalaalea ,20.359682912118096,20.0
Above On Index,Kapalaalea ,28.53237893400246,20.0
Above On Index,Kapalaalea ,24.3871991591653,20.0
Above Off Index,Kapalaalea ,19.431115179919807,19.0
Above On Index,Kapalaalea ,50.50845956398156,20.0
Above Off Index,Kapalaalea ,19.507721032606117,19.0
Above On Index,Kapalaalea ,140.716,20.0
Above On Index,Kapalaalea ,22.9921626175131,20.0
Above On Index,Kapalaalea ,53.6570861486178,20.0
Above On Index,Kapalaalea ,42.0640615724006,20.0
Above On Index,Kapalaalea ,56.529931648437504,20.0
Above On Index,Kapalaalea ,28.31700000000005,20.0
Above On Index,Kapalaalea ,63.459826140021,20.0
Above On Index,Kapalaalea ,27.37727793159485,20.0
Above On Index,Kapalaalea ,26.674,20.0
Above On Index,Kapalaalea ,24.528,20.0
Above On Index,Kapalaalea ,55.85,20.0
Above On Index,Kapalaalea ,122.388302937255,20.0
Above On Index,Kapalaalea ,27.4319999999999,20.0
Above On Index,Kapalaalea ,38.1,20.0
Above On Index,Kapalaalea ,29.57399999999995,20.0
Above On Index,Kapalaalea ,33.27300000000005,20.0
Above On Index,Kapalaalea ,20.08200000000005,20.0
Above On Index,Kapalaalea ,85.99399999999994,20.0
Above On Index,Kapalaalea ,50.03599999999995,20.0
Above On Index,Kapalaalea ,25.42399999999995,20.0
Above On Index,Kapalaalea ,21.994999999999997,20.0
Above On Index,Kapalaalea ,37.8459999999998,20.0
Above On Index,Kapalaalea ,63.5,20.0
Above Off Index,Kapalaalea ,19.2264426932322,19.0
Above On Index,Kapalaalea ,65.9380000000001,20.0
Above On Index,Kapalaalea ,44.7040000000001,20.0
Above On Index,Kapalaalea ,31.14000000000005,20.0
Above On Index,Kapalaalea ,20.450000000000053,20.0
Above On Index,Kapalaalea ,30.4444989712352,20.0
Above On Index,Kapalaalea ,20.3199999999999,20.0
Above On Index,Kapalaalea ,37.338,20.0
Above On Index,Kapalaalea ,72.898,20.0
Above On Index,Kapalaalea ,45.57167205906825,20.0
Above On Index,Kapalaalea ,43.380223150258416,20.0
Above Off Index,Kapalaalea ,19.82205419375939,19.0
Above On Index,Kapalaalea ,41.4671151561006,20.0
Above On Index,Kapalaalea ,39.915799216910884,20.0
Above On Index,Kapalaalea ,23.361458541629602,20.0
Above On Index,Kapalaalea ,23.787635540724544,20.0
Above On Index,Kapalaalea ,26.040043415579426,20.0
Above On Index,Kapalaalea ,21.02983522883168,20.0
Above On Index,Kapalaalea ,24.57327329798814,20.0
Above On Index,Kapalaalea ,25.059524760593696,20.0
Above On Index,Kapalaalea ,20.77725298005798,20.0
Above On Index,Kapalaalea ,34.334807653874414,20.0
Above Off Index,Kapalaalea ,19.252026518712206,19.0
Above On Index,Kapalaalea ,22.773161448654882,20.0
Above On Index,Kapalaalea ,38.98485627949698,20.0
Above On Index,Kapalaalea ,23.47768960483672,20.0
Above On Index,Kapalaalea ,58.376793039988456,20.0
Above On Index,Kapalaalea ,59.538554754891535,20.0
Above On Index,Kapalaalea ,40.88230040847888,20.0
Above On Index,Kapalaalea ,28.6492691632016,20.0
Above On Index,Kapalaalea ,23.99907686610822,20.0
Above On Index,Kapalaalea ,116.44465657877592,20.0
Above On Index,Kapalaalea ,76.79799565958595,20.0
Above On Index,Kapalaalea ,35.0733457237999,20.0
Above On Index,Kapalaalea ,24.417536611075082,20.0
Above On Index,Kapalaalea ,28.557244722484977,20.0
Above On Index,Kapalaalea ,45.4654278582531,20.0
Above Off Index,Kapalaalea ,19.91786350900636,19.0
Above On Index,Haiku ,26.74364659790052,20.0
Above On Index,Haiku ,23.6893998613414,20.0
Above On Index,Haiku ,59.0528255323791,20.0
Above On Index,Haiku ,22.960875074433055,20.0
Above On Index,Haiku ,45.02267369789497,20.0
Above On Index,Haiku ,34.539082189752975,20.0
Above On Index,Haiku ,32.22649555218371,20.0
Above On Index,Haiku ,26.4405175406852,20.0
Above On Index,Haiku ,53.35873921257477,20.0
Above On Index,Haiku ,30.818876042233224,20.0
Above On Index,Haiku ,36.25796834065102,20.0
Above On Index,Haiku ,22.308766299411126,20.0
Above On Index,Haiku ,20.359682912118096,20.0
Above On Index,Haiku ,28.53237893400246,20.0
Above On Index,Haiku ,24.3871991591653,20.0
Above Off Index,Haiku ,19.431115179919807,19.0
Above On Index,Haiku ,50.50845956398156,20.0
Above Off Index,Haiku ,19.507721032606117,19.0
Above On Index,Haiku ,140.716,20.0
Above On Index,Haiku ,22.9921626175131,20.0
Above On Index,Haiku ,53.6570861486178,20.0
Above On Index,Haiku ,42.0640615724006,20.0
Above On Index,Haiku ,56.529931648437504,20.0
Above On Index,Haiku ,28.31700000000005,20.0
Above On Index,Haiku ,63.459826140021,20.0
Above On Index,Haiku ,27.37727793159485,20.0
Above On Index,Haiku ,26.674,20.0
Above On Index,Haiku ,24.528,20.0
Above On Index,Haiku ,55.85,20.0
Above On Index,Haiku ,122.388302937255,20.0
Above On Index,Haiku ,27.4319999999999,20.0
Above On Index,Haiku ,38.1,20.0
Above On Index,Haiku ,29.57399999999995,20.0
Above On Index,Haiku ,33.27300000000005,20.0
Above On Index,Haiku ,20.08200000000005,20.0
Above On Index,Haiku ,85.99399999999994,20.0
Above On Index,Haiku ,50.03599999999995,20.0
Above On Index,Haiku ,25.42399999999995,20.0
Above On Index,Haiku ,21.994999999999997,20.0
Above On Index,Haiku ,37.8459999999998,20.0
Above On Index,Haiku ,63.5,20.0
Above Off Index,Haiku ,19.2264426932322,19.0
Above On Index,Haiku ,65.9380000000001,20.0
Above On Index,Haiku ,44.7040000000001,20.0
Above On Index,Haiku ,31.14000000000005,20.0
Above On Index,Haiku ,20.450000000000053,20.0
Above On Index,Haiku ,30.4444989712352,20.0
Above On Index,Haiku ,20.3199999999999,20.0
Above On Index,Haiku ,37.338,20.0
Above On Index,Haiku ,72.898,20.0
Above On Index,Haiku ,45.57167205906825,20.0
Above On Index,Haiku ,43.380223150258416,20.0
Above Off Index,Haiku ,19.82205419375939,19.0
Above On Index,Haiku ,41.4671151561006,20.0
Above On Index,Haiku ,39.915799216910884,20.0
Above On Index,Haiku ,23.361458541629602,20.0
Above On Index,Haiku ,23.787635540724544,20.0
Above On Index,Haiku ,26.040043415579426,20.0
Above On Index,Haiku ,21.02983522883168,20.0
Above On Index,Haiku ,24.57327329798814,20.0
Above On Index,Haiku ,25.059524760593696,20.0
Above On Index,Haiku ,20.77725298005798,20.0
Above On Index,Haiku ,34.334807653874414,20.0
Above Off Index,Haiku ,19.252026518712206,19.0
Above On Index,Haiku ,22.773161448654882,20.0
Above On Index,Haiku ,38.98485627949698,20.0
Above On Index,Haiku ,23.47768960483672,20.0
Above On Index,Haiku ,58.376793039988456,20.0
Above On Index,Haiku ,59.538554754891535,20.0
Above On Index,Haiku ,40.88230040847888,20.0
Above On Index,Haiku ,28.6492691632016,20.0
Above On Index,Haiku ,23.99907686610822,20.0
Above On Index,Haiku ,116.44465657877592,20.0
Above On Index,Haiku ,76.79799565958595,20.0
Above On Index,Haiku ,35.0733457237999,20.0
Above On Index,Haiku ,24.417536611075082,20.0
Above On Index,Haiku ,28.557244722484977,20.0
Above On Index,Haiku ,45.4654278582531,20.0
Above Off Index,Haiku ,19.91786350900636,19.0
Above Off Index,Pauwela,26.74364659790052,26.0
Above On Index,Pauwela,59.0528255323791,27.0
Above On Index,Pauwela,45.02267369789497,27.0
Above On Index,Pauwela,34.539082189752975,27.0
Above On Index,Pauwela,32.22649555218371,27.0
Above Off Index,Pauwela,26.4405175406852,26.0
Above On Index,Pauwela,53.35873921257477,27.0
Above On Index,Pauwela,30.818876042233224,27.0
Above On Index,Pauwela,36.25796834065102,27.0
Above On Index,Pauwela,28.53237893400246,27.0
Above On Index,Pauwela,50.50845956398156,27.0
Above On Index,Pauwela,140.716,27.0
Above On Index,Pauwela,53.6570861486178,27.0
Above On Index,Pauwela,42.0640615724006,27.0
Above On Index,Pauwela,56.529931648437504,27.0
Above On Index,Pauwela,28.31700000000005,27.0
Above On Index,Pauwela,63.459826140021,27.0
Above On Index,Pauwela,27.37727793159485,27.0
Above Off Index,Pauwela,26.674,26.0
Above On Index,Pauwela,55.85,27.0
Above On Index,Pauwela,122.388302937255,27.0
Above On Index,Pauwela,27.4319999999999,27.0
Above On Index,Pauwela,38.1,27.0
Above On Index,Pauwela,29.57399999999995,27.0
Above On Index,Pauwela,33.27300000000005,27.0
Above On Index,Pauwela,85.99399999999994,27.0
Above On Index,Pauwela,50.03599999999995,27.0
Above On Index,Pauwela,37.8459999999998,27.0
Above On Index,Pauwela,63.5,27.0
Above On Index,Pauwela,65.9380000000001,27.0
Above On Index,Pauwela,44.7040000000001,27.0
Above On Index,Pauwela,31.14000000000005,27.0
Above On Index,Pauwela,30.4444989712352,27.0
Above On Index,Pauwela,37.338,27.0
Above On Index,Pauwela,72.898,27.0
Above On Index,Pauwela,45.57167205906825,27.0
Above On Index,Pauwela,43.380223150258416,27.0
Above On Index,Pauwela,41.4671151561006,27.0
Above On Index,Pauwela,39.915799216910884,27.0
Above Off Index,Pauwela,26.040043415579426,26.0
Above On Index,Pauwela,34.334807653874414,27.0
Above On Index,Pauwela,38.98485627949698,27.0
Above On Index,Pauwela,58.376793039988456,27.0
Above On Index,Pauwela,59.538554754891535,27.0
Above On Index,Pauwela,40.88230040847888,27.0
Above On Index,Pauwela,28.6492691632016,27.0
Above On Index,Pauwela,116.44465657877592,27.0
Above On Index,Pauwela,76.79799565958595,27.0
Above On Index,Pauwela,35.0733457237999,27.0
Above On Index,Pauwela,28.557244722484977,27.0
Above On Index,Pauwela,45.4654278582531,27.0
Above On Index,#15,59.0528255323791,30.0
Above On Index,#15,45.02267369789497,30.0
Above On Index,#15,34.539082189752975,30.0
Above On Index,#15,32.22649555218371,30.0
Above On Index,#15,53.35873921257477,30.0
Above On Index,#15,30.818876042233224,30.0
Above On Index,#15,36.25796834065102,30.0
Above On Index,#15,50.50845956398156,30.0
Above On Index,#15,140.716,30.0
Above On Index,#15,53.6570861486178,30.0
Above On Index,#15,42.0640615724006,30.0
Above On Index,#15,56.529931648437504,30.0
Above On Index,#15,63.459826140021,30.0
Above On Index,#15,55.85,30.0
Above On Index,#15,122.388302937255,30.0
Above On Index,#15,38.1,30.0
Above Off Index,#15,29.57399999999995,29.0
Above On Index,#15,33.27300000000005,30.0
Above On Index,#15,85.99399999999994,30.0
Above On Index,#15,50.03599999999995,30.0
Above On Index,#15,37.8459999999998,30.0
Above On Index,#15,63.5,30.0
Above On Index,#15,65.9380000000001,30.0
Above On Index,#15,44.7040000000001,30.0
Above On Index,#15,31.14000000000005,30.0
Above On Index,#15,30.4444989712352,30.0
Above On Index,#15,37.338,30.0
Above On Index,#15,72.898,30.0
Above On Index,#15,45.57167205906825,30.0
Above On Index,#15,43.380223150258416,30.0
Above On Index,#15,41.4671151561006,30.0
Above On Index,#15,39.915799216910884,30.0
Above On Index,#15,34.334807653874414,30.0
Above On Index,#15,38.98485627949698,30.0
Above On Index,#15,58.376793039988456,30.0
Above On Index,#15,59.538554754891535,30.0
Above On Index,#15,40.88230040847888,30.0
Above On Index,#15,116.44465657877592,30.0
Above On Index,#15,76.79799565958595,30.0
Above On Index,#15,35.0733457237999,30.0
Above On Index,#15,45.4654278582531,30.0
Above On Index,Test,26.74364659790052,20.0
Above On Index,Test,23.6893998613414,20.0
Above On Index,Test,59.0528255323791,20.0
Above On Index,Test,22.960875074433055,20.0
Above On Index,Test,45.02267369789497,20.0
Above On Index,Test,34.539082189752975,20.0
Above On Index,Test,32.22649555218371,20.0
Above On Index,Test,26.4405175406852,20.0
Above On Index,Test,53.35873921257477,20.0
Above On Index,Test,30.818876042233224,20.0
Above On Index,Test,36.25796834065102,20.0
Above On Index,Test,22.308766299411126,20.0
Above On Index,Test,20.359682912118096,20.0
Above On Index,Test,28.53237893400246,20.0
Above On Index,Test,24.3871991591653,20.0
Above Off Index,Test,19.431115179919807,19.0
Above On Index,Test,50.50845956398156,20.0
Above Off Index,Test,19.507721032606117,19.0
Above On Index,Test,140.716,20.0
Above On Index,Test,22.9921626175131,20.0
Above On Index,Test,53.6570861486178,20.0
Above On Index,Test,42.0640615724006,20.0
Above On Index,Test,56.529931648437504,20.0
Above On Index,Test,28.31700000000005,20.0
Above On Index,Test,63.459826140021,20.0
Above On Index,Test,27.37727793159485,20.0
Above On Index,Test,26.674,20.0
Above On Index,Test,24.528,20.0
Above On Index,Test,55.85,20.0
Above On Index,Test,122.388302937255,20.0
Above On Index,Test,27.4319999999999,20.0
Above On Index,Test,38.1,20.0
Above On Index,Test,29.57399999999995,20.0
Above On Index,Test,33.27300000000005,20.0
Above On Index,Test,20.08200000000005,20.0
Above On Index,Test,85.99399999999994,20.0
Above On Index,Test,50.03599999999995,20.0
Above On Index,Test,25.42399999999995,20.0
Above On Index,Test,21.994999999999997,20.0
Above On Index,Test,37.8459999999998,20.0
Above On Index,Test,63.5,20.0
Above Off Index,Test,19.2264426932322,19.0
Above On Index,Test,65.9380000000001,20.0
Above On Index,Test,44.7040000000001,20.0
Above On Index,Test,31.14000000000005,20.0
Above On Index,Test,20.450000000000053,20.0
Above On Index,Test,30.4444989712352,20.0
Above On Index,Test,20.3199999999999,20.0
Above On Index,Test,37.338,20.0
Above On Index,Test,72.898,20.0
Above On Index,Test,45.57167205906825,20.0
Above On Index,Test,43.380223150258416,20.0
Above Off Index,Test,19.82205419375939,19.0
Above On Index,Test,41.4671151561006,20.0
Above On Index,Test,39.915799216910884,20.0
Above On Index,Test,23.361458541629602,20.0
Above On Index,Test,23.787635540724544,20.0
Above On Index,Test,26.040043415579426,20.0
Above On Index,Test,21.02983522883168,20.0
Above On Index,Test,24.57327329798814,20.0
Above On Index,Test,25.059524760593696,20.0
Above On Index,Test,20.77725298005798,20.0
Above On Index,Test,34.334807653874414,20.0
Above Off Index,Test,19.252026518712206,19.0
Above On Index,Test,22.773161448654882,20.0
Above On Index,Test,38.98485627949698,20.0
Above On Index,Test,23.47768960483672,20.0
Above On Index,Test,58.376793039988456,20.0
Above On Index,Test,59.538554754891535,20.0
Above On Index,Test,40.88230040847888,20.0
Above On Index,Test,28.6492691632016,20.0
Above On Index,Test,23.99907686610822,20.0
Above On Index,Test,116.44465657877592,20.0
Above On Index,Test,76.79799565958595,20.0
Above On Index,Test,35.0733457237999,20.0
Above On Index,Test,24.417536611075082,20.0
Above On Index,Test,28.557244722484977,20.0
Above On Index,Test,45.4654278582531,20.0
Above Off Index,Test,19.91786350900636,19.0
